Svarstid;Idnr text;Ställning text;Ställning kod;Roll text;Roll;Arbetssituation;;;;;;;;;Arbetsmiljö;;;;;;;;;;;;Hälsa;;;;Kompetens och utveckling;;;;;;Information;;;;Mål och visioner;;;;;;;;Har du tillsammans med din närmaste chef tagit fram en individuell utvecklingsplan?;Har du haft utvecklingssamtal under de senaste 12 månaderna?;Utvecklingssamtal;;;;Ledarskap;;;;;;;;;;;;;;Likabehandling;;;;;;;Tycker du att det förekommer kränkningar/mobbning på din arbetsplats?;Har du personligen, under det senaste året, känt dig utsatt för kränkande särbehandling/mobbning på din arbetsplats?;Av vem/vilka har du känt dig utsatt för kränkande särbehandling och/eller mobbning?;;;;;Av vem/vilka har du känt dig utsatt för kränkande särbehandling och/eller mobbning? Öppna textsvar;Har du rapporterat händelsen till din närmaste chef, personalavdelningen eller skyddsombud?;Har du fått det stöd och den hjälp du behöver?;Tycker du att det förekommer hot och/eller våld på företaget?;Har du personligen, under det senaste året, blivit utsatt för hot och/eller våld i ditt arbete?;Av vem/vilka har du blivit utsatt för hot eller våld?;;;;;Av vem/vilka har du blivit utsatt för hot eller våld? Öppna textsvar;Har du rapporterat händelsen till din närmaste chef, personalavdelningen eller skyddsombud?;Har du fått det stöd och den hjälp som du behöver?;Företaget;;Jag ser mig själv arbeta kvar på företaget om 3 år;Helhet;;;;Jag har erfarenheter av någon slags förändring på min nuvarande eller tidigare arbetsplats;Omorganisationen - Ledningen;;;Omorganisationen - Känsla inför förändringen;;;;;;;;;;Omorganisationen - Inställning och situation;;;;Omorganisationen - Min inställning;;Du är:;Din ställning i organisationen?;Din roll i organisationen?
-;-;-;-;-;-;Jag trivs med mina arbetsuppgifter;Jag har en rimlig arbetsbelastning;Jag kan oftast själv bestämma arbetstakten;Jag kan påverka min arbetssituation;Det finns tid för återhämtning efter perioder av stress på jobbet;Jag upplever sällan stress i arbetssituationer som påverkar mig negativt;Mitt arbete känns meningsfullt;Jag lär nytt och utvecklas i mitt dagliga arbete;Jag ser fram emot att gå till arbetet;Jag har den utrustning jag behöver för att utföra mitt arbete;Vi har bra gemenskap och sammanhållning i vår arbetsgrupp;I min arbetsgrupp delar vi gärna med oss av våra kunskaper och erfarenheter till varandra;Jag känner mig respekterad av mina arbetskamrater;Om konflikter uppstår hanteras de på ett bra sätt av mina arbetskamrater utan hjälp av min chef;Stämningen är bra i min arbetsgrupp;Samarbetet i min arbetsgrupp fungerar bra;Stämningen är bra på företaget;Samarbetet mellan alla avdelningar på företaget fungerar bra;Kommunikationen mellan alla avdelningar på företaget fungerar bra;Jag har en bra fysisk arbetsmiljö;Jag har en bra psykisk arbetsmiljö;Jag upplever min fysiska hälsa som god;Jag upplever min psykiska hälsa som god;Jag upplever att jag har en bra balans mellan arbete och privatliv;Jag upplever att jag kan koppla av på min fritid;Jag tar själv initiativ för att få den kompetensutveckling jag behöver;Jag får den kompetensutveckling/utbildning som jag behöver i mitt arbete;Jag har de kunskaper jag behöver för att kunna utföra mitt arbete;Jag är nöjd med min utveckling i arbetet det senaste året;Jag anser att min kompetens och erfarenhet tas tillvara på ett bra sätt;Det finns bra utvecklingsmöjligheter på företaget för mig;Jag har lätt att hitta den information jag behöver;Jag anser att jag har tillgång till den information jag behöver i arbetet;Jag tar själv ansvar för att söka den information jag behöver;Den information jag får känns relevant för mitt arbete;Jag känner till företagets vision;Jag känner till företagets mål;Jag känner till företagets värdegrund;Jag är insatt i min arbetsgrupps mål;Min arbetsgrupps mål följs upp och utvärderas på ett bra sätt;Jag är delaktig i att sätta mina individuella mål;Jag har tydliga mål för mitt individuella arbete;Jag vet vad som förväntas av mig i mitt arbete;-;-;Jag upplever att samtalet bidrar till min utveckling;Jag är nöjd med de individuella mål som togs fram för mig;Det vi kom överens om i utvecklingssamtalet blir genomfört;Jag är som helhet nöjd med samtalet;Min närmaste chef föregår med gott exempel;Min närmaste chef är bra på att informera om det som händer på företaget;Min närmaste chef bidrar till en bra stämning i min arbetsgrupp;Min närmaste chef är bra på att planera och organisera;Min närmaste chef tar snabbt tag i problem som rör konflikter och relationer på arbetsplatsen;Min närmaste chef ger mig det stöd jag behöver i mitt arbete;Min närmaste chef involverar mig i beslut och utveckling;Min närmaste chef är rak och tydlig i sitt ledarskap;Min närmaste chef visar uppskattning för mina arbetsinsatser;Min närmaste chef visar förtroende för mig som medarbetare;Min närmaste chef ger mig förutsättningar att ta ansvar i mitt arbete;Min närmaste chef är empatisk;Jag har förtroende för min närmaste chef;Jag är som helhet nöjd med min närmaste chef;På min arbetsplats behandlas alla lika oavsett kön;På min arbetsplats behandlas alla lika oavsett ålder;På min arbetsplats behandlas alla lika oavsett etnisk tillhörighet;På min arbetsplats behandlas alla lika oavsett könsöverskridande identitet eller uttryck;På min arbetsplats behandlas alla lika oavsett religion eller annan trosuppfattning;På min arbetsplats behandlas alla lika oavsett funktionsnedsättning;På min arbetsplats behandlas alla lika oavsett sexuell läggning;-;-;En chef;En medarbetare;En kund;Annan, nämligen:;Vill ej uppge;Annan, nämligen: Öppna textsvar;-;-;-;-;En chef;En medarbetare;En kund;Annan, nämligen:;Vill ej uppge;Annan, nämligen: Öppna textsvar;-;-;Jag är stolt över att arbeta på företaget;Jag rekommenderar gärna min arbetsgivare;-;Jag känner motivation i mitt arbete;Jag är som helhet nöjd med min arbetssituation;Jag är som helhet nöjd med min arbetsgivare;Min arbetssituation uppfyller mycket väl de förväntningar jag har;-;De som ansvarade för förändringen var tydliga med vad den handlade om;Ledning var tydlig med vad förändringen skulle innebära för min arbetsplats;Ledningen informerade mig om vad som låg bakom förändringen;Min känsla inför förändringen är:;Glädje;Hoppfullhet;Förhoppning;Roligt;Utmanande;Ångest;Osäkerhet;Pressad;Rädsla;Min attityd/inställning till förändringen är positiv;Min arbetssituation påverkas positivt till följd av förändringen;Den senaste förändringen skapade fördelar för mig;Mina kollegors inställning till förändringen är positiv;Jag är kritisk till förändringen;Jag ifrågasätter öppet förändringen;-;-;-
2022-10-19 13:11;1015;medarbetare;2;Tjänsteman;1;4;3;2;3;4;3;3;4;3;5;4;5;4;3;4;3;4;4;3;4;3;3;4;3;4;2;4;4;4;4;3;3;4;5;3;3;3;5;4;2;4;3;4;1;1;2;2;0;4;5;4;5;3;3;4;4;5;5;5;5;5;5;5;5;5;5;5;5;5;5;1;3;;;;;;;;;2;2;;;;;;;;;4;4;1;4;4;4;4;2;4;4;3;;4;4;4;4;4;1;1;1;1;5;4;0;4;1;1;1;2;1
2022-10-10 09:56;1054;medarbetare;2;Kollektivanställd;2;4;3;3;4;3;3;4;2;4;4;4;4;4;4;3;3;3;2;2;3;4;4;4;4;4;3;3;4;3;3;3;4;4;4;4;4;4;4;4;3;4;3;4;1;1;3;3;4;3;4;4;3;3;4;4;3;4;3;4;4;3;4;4;4;4;4;4;4;4;4;2;2;;;;;;;;;2;2;;;;;;;;;4;4;1;4;3;4;3;1;4;4;3;;4;4;4;4;4;3;3;3;2;4;3;3;3;3;2;2;2;2
2022-10-13 09:07;1064;medarbetare;2;Kollektivanställd;2;2;2;2;1;3;2;1;1;2;3;3;3;3;3;3;3;1;1;1;3;3;3;3;4;3;3;3;3;2;1;1;3;2;2;1;1;1;2;1;1;2;2;3;1;1;1;1;1;3;5;5;5;5;5;5;5;5;5;5;5;5;5;5;3;3;3;3;3;3;3;2;2;;;;;;;;;2;2;;;;;;;;;1;1;4;1;2;2;2;1;1;1;1;;1;2;2;3;1;3;3;3;3;2;2;1;1;1;2;2;2;2
2022-10-11 08:11;1068;medarbetare;2;Kollektivanställd;2;3;3;3;4;3;3;3;4;3;4;3;4;4;3;3;4;3;3;3;3;3;3;4;3;4;5;4;4;3;3;3;4;4;5;2;4;4;4;4;4;4;3;3;1;1;3;3;3;3;4;4;4;3;4;4;4;4;3;4;4;4;4;4;6;5;6;6;6;4;6;3;2;;;;;;;;;2;2;;;;;;;;;3;3;4;3;3;3;3;2;2;2;4;;3;2;2;2;2;1;1;1;1;3;2;2;3;3;3;2;2;2
2022-10-07 11:18;1046;medarbetare;2;Kollektivanställd;2;3;3;3;4;5;2;3;3;2;4;5;5;5;5;5;5;2;1;1;3;2;4;2;5;5;2;3;5;0;2;0;3;4;4;3;5;5;5;0;0;2;2;2;1;1;0;0;0;3;5;5;5;5;5;5;5;5;5;5;5;5;5;5;6;4;6;6;5;6;6;2;2;;;;;;;;;2;1;0;0;1;0;0;;1;2;2;2;4;2;2;2;4;2;2;2;1;;1;1;1;2;2;5;5;1;3;1;1;0;2;5;1;2;3;3
2022-10-14 09:56;1038;medarbetare;2;Kollektivanställd;2;4;4;4;4;4;4;4;3;4;4;5;4;4;4;5;4;3;3;3;4;4;4;4;4;4;4;3;4;4;4;4;4;3;4;4;4;4;4;4;4;4;4;5;1;3;;;;;4;4;4;4;4;4;4;4;4;4;4;4;4;4;4;4;4;4;4;4;4;2;2;;;;;;;;;2;2;;;;;;;;;3;3;4;3;3;3;3;2;3;3;3;;3;3;3;3;3;3;3;3;3;3;3;3;3;3;3;2;2;2
2022-10-11 15:38;1061;medarbetare;2;Kollektivanställd;2;3;3;3;1;3;1;3;2;1;2;2;1;1;1;1;1;3;2;2;2;1;3;1;2;1;2;2;4;3;2;2;3;2;4;3;3;3;3;2;3;2;4;3;2;1;3;1;2;2;3;3;3;3;3;3;3;3;3;3;3;3;3;3;1;1;1;1;1;1;1;1;1;1;1;0;0;0;;1;2;2;2;;;;;;;;;2;2;4;2;1;1;1;1;2;2;3;;1;1;1;1;1;5;5;5;5;1;1;1;4;5;5;2;2;2
2022-10-06 08:45;1053;medarbetare;2;Kollektivanställd;2;4;4;5;4;5;4;5;3;2;5;1;3;3;1;1;1;2;2;2;3;2;4;4;4;5;4;4;3;2;1;2;1;4;4;3;1;1;5;1;1;3;3;5;2;1;2;2;2;2;3;3;2;3;1;4;4;4;4;5;5;2;2;3;3;3;1;1;1;1;1;1;2;;;;;;;;;2;2;;;;;;;;;2;2;4;2;3;3;3;1;5;5;5;;3;5;5;3;5;3;3;3;1;4;3;1;1;1;1;2;2;2
2022-10-10 11:55;1069;medarbetare;2;Kollektivanställd;2;4;4;5;5;5;5;4;4;4;4;3;4;4;4;4;4;3;3;3;4;4;4;5;5;5;4;4;5;4;3;3;4;4;5;5;4;4;4;3;4;4;4;4;1;1;3;4;4;4;4;4;4;4;5;4;4;4;4;4;4;4;4;4;4;4;4;4;4;4;4;2;2;;;;;;;;;2;2;;;;;;;;;4;3;3;4;4;4;4;2;3;3;3;;3;4;4;4;4;1;1;1;1;4;3;3;2;2;1;2;2;1
2022-10-07 09:32;1024;Chef;1;Tjänsteman;1;4;3;3;3;3;3;3;3;3;4;3;4;3;3;2;3;2;3;2;4;3;3;3;4;4;4;4;4;3;3;3;4;4;4;4;5;5;5;5;3;5;4;5;1;1;3;3;4;4;3;4;3;3;3;4;4;3;4;4;3;5;4;5;4;4;4;4;4;4;4;2;2;;;;;;;;;1;2;;;;;;;;;3;3;1;3;3;3;3;1;2;2;2;;2;2;2;2;3;3;2;2;3;2;2;2;1;2;3;2;3;3
2022-10-10 10:40;1036;medarbetare;2;Kollektivanställd;2;5;4;4;4;5;4;5;4;5;4;5;5;5;4;5;5;4;4;4;4;4;5;5;5;5;4;4;4;4;4;4;5;4;5;4;5;5;5;5;4;5;5;5;1;1;4;4;4;4;5;5;5;4;5;5;4;5;4;5;5;4;5;5;5;5;5;5;5;5;5;2;2;;;;;;;;;2;2;;;;;;;;;5;5;1;5;5;4;5;1;5;5;4;;5;5;5;5;5;2;2;2;2;4;4;4;4;2;3;2;2;2
2022-10-06 08:24;1042;medarbetare;2;Kollektivanställd;2;5;3;3;3;3;3;4;3;3;5;3;3;4;2;4;4;3;3;3;4;3;5;5;4;4;4;3;5;3;2;2;4;4;4;4;3;2;5;3;3;3;2;4;2;2;;;;;4;4;4;4;4;4;2;4;3;3;3;3;3;3;3;3;2;2;2;3;3;2;2;;;;;;;;;2;2;;;;;;;;;3;3;4;3;3;3;3;1;4;4;4;;3;3;2;3;3;1;1;1;1;5;4;3;1;1;1;2;2;2
2022-10-06 10:31;1058;medarbetare;2;Kollektivanställd;2;3;3;4;4;3;3;3;3;3;4;4;4;4;4;4;4;2;2;2;3;3;5;4;4;4;2;2;3;2;3;3;3;3;4;3;4;4;4;4;4;4;4;4;1;1;3;3;3;3;5;5;5;5;5;5;5;5;5;5;5;5;5;5;5;5;5;5;5;5;5;2;2;;;;;;;;;2;2;;;;;;;;;2;2;4;3;3;2;2;1;3;3;2;;1;1;1;1;3;2;3;3;3;3;1;1;1;3;3;2;2;2
2022-10-06 15:28;1059;medarbetare;2;Kollektivanställd;2;4;3;4;4;3;5;4;4;4;4;4;4;4;4;4;4;4;3;3;4;4;5;5;5;5;4;4;4;4;4;4;4;4;4;4;5;5;5;5;5;5;5;5;1;1;4;4;4;4;5;5;5;5;5;5;5;5;5;5;5;5;5;5;5;5;5;5;5;5;5;2;2;;;;;;;;;2;2;;;;;;;;;4;4;1;4;4;4;4;1;4;4;4;;4;4;4;4;4;1;1;1;1;4;4;4;3;1;3;2;2;2
2022-10-06 08:13;1020;medarbetare;2;Tjänsteman;1;4;2;4;3;2;3;4;4;4;5;5;5;5;4;5;5;4;4;4;5;4;4;4;3;2;5;5;4;5;5;5;4;4;4;4;5;4;5;3;3;5;5;5;1;2;;;;;4;4;5;3;4;4;4;4;5;5;5;5;5;5;5;5;5;5;5;5;5;2;2;;;;;;;;;2;2;;;;;;;;;4;5;1;5;3;5;4;1;2;2;2;;5;5;5;5;5;2;2;2;1;5;5;3;5;1;1;1;1;1
2022-10-06 09:49;1060;medarbetare;2;Kollektivanställd;2;4;4;5;5;4;4;4;3;4;5;4;4;4;2;3;3;3;2;2;4;3;4;4;5;5;3;2;4;3;4;2;3;4;4;3;4;4;4;4;3;4;4;4;2;1;3;3;2;2;2;2;1;1;2;2;2;1;2;2;2;2;2;2;6;4;2;6;4;6;6;2;2;;;;;;;;;2;2;;;;;;;;;3;3;1;3;4;3;2;1;2;2;3;;4;4;4;4;4;2;2;2;1;3;4;0;0;3;1;2;2;2
2022-10-13 09:11;1025;medarbetare;2;Kollektivanställd;2;4;2;3;3;3;2;3;3;3;3;3;3;3;4;3;3;3;3;3;3;3;3;3;3;3;4;4;4;4;4;4;4;4;4;4;4;4;4;4;4;4;4;4;1;1;4;4;4;4;4;4;4;4;4;4;4;4;4;4;4;4;4;4;4;4;4;4;4;4;4;2;2;;;;;;;;;2;2;;;;;;;;;3;3;1;4;3;3;3;1;3;3;3;;2;3;3;2;3;2;2;2;2;3;3;3;2;3;3;1;2;1
2022-10-18 08:41;1029;medarbetare;2;Kollektivanställd;2;4;4;4;4;5;3;4;4;4;5;5;5;4;4;5;5;3;3;3;4;4;4;5;5;5;5;5;4;4;5;4;5;5;5;5;4;4;5;5;5;5;5;5;1;1;5;5;5;5;5;5;5;5;5;5;5;5;5;5;5;5;5;5;5;5;5;5;5;5;5;2;2;;;;;;;;;2;2;;;;;;;;;3;3;1;4;4;4;4;1;3;3;2;;3;3;3;2;3;1;3;3;1;3;3;2;3;3;2;2;2;2
2022-10-13 09:42;1012;medarbetare;2;Tjänsteman;1;5;4;4;4;4;4;4;4;5;4;4;3;4;4;4;4;4;4;4;4;4;4;4;4;4;4;4;4;4;3;4;4;4;4;4;4;4;4;4;4;4;4;4;1;1;3;3;3;3;4;2;4;5;3;4;4;4;2;4;4;4;4;4;4;4;4;4;4;4;4;2;2;;;;;;;;;2;2;;;;;;;;;4;4;1;4;4;4;4;1;5;5;5;;4;4;4;4;4;1;1;1;1;4;4;3;3;2;2;2;3;1
2022-10-06 11:01;1023;medarbetare;2;Tjänsteman;1;5;5;5;5;5;5;5;5;4;5;5;5;5;5;5;5;3;3;3;5;5;5;5;5;5;5;4;5;4;4;3;4;5;5;4;5;3;5;5;3;5;5;5;2;1;2;2;2;2;3;3;3;2;0;5;4;3;4;5;5;4;4;4;6;6;6;6;6;6;6;2;2;;;;;;;;;2;2;;;;;;;;;3;2;4;3;4;3;4;2;3;5;3;;0;0;0;0;0;1;1;1;1;0;0;0;0;0;0;4;3;3
2022-10-10 10:26;1006;chef;1;Tjänsteman;1;5;5;5;5;5;5;5;4;5;5;4;4;5;5;4;4;5;4;4;5;5;5;5;5;5;5;5;4;5;5;4;4;4;4;5;5;5;5;5;5;5;5;5;1;1;4;4;4;4;5;5;5;5;5;5;5;5;5;5;5;5;5;5;5;5;5;5;5;5;5;2;2;;;;;;;;;2;2;;;;;;;;;5;5;3;5;5;5;5;1;5;5;5;;5;3;3;5;5;1;1;1;1;5;3;3;4;1;1;2;1;1
2022-10-06 08:16;1009;medarbetare;2;Tjänsteman;1;4;4;4;3;4;4;4;4;3;4;2;3;3;3;3;2;3;3;3;4;3;4;4;4;4;4;3;4;4;4;2;4;4;5;3;4;4;5;4;4;4;4;4;2;2;;;;;2;3;3;1;3;2;3;2;2;3;3;3;2;2;3;3;3;3;3;6;6;3;3;;;;;;;;;2;2;;;;;;;;;3;3;4;2;3;3;3;1;3;2;2;;3;3;3;3;4;3;4;3;0;3;0;0;0;3;0;4;3;3
2022-10-06 12:35;1050;medarbetare;2;Kollektivanställd;2;4;4;4;4;4;3;4;5;4;4;5;5;5;4;4;5;0;0;0;4;4;4;4;4;4;4;4;4;4;4;4;4;4;4;4;4;4;4;4;4;4;4;4;1;3;;;;;5;5;5;5;5;5;5;5;5;5;5;5;5;5;4;4;4;4;4;4;4;2;2;;;;;;;;;3;2;;;;;;;;;3;5;1;4;4;5;3;1;0;0;0;;0;0;0;0;0;0;0;0;0;0;0;0;0;0;0;2;2;2
2022-10-07 09:00;1027;medarbetare;2;Kollektivanställd;2;5;3;2;2;2;3;4;3;1;4;5;5;5;5;5;5;2;3;3;3;1;5;3;3;2;3;3;4;4;2;1;3;3;3;3;3;3;3;4;4;3;3;3;1;1;4;3;3;5;5;5;5;5;5;5;4;5;5;5;5;5;5;5;5;5;5;5;5;5;5;2;2;;;;;;;;;1;2;;;;;;;;;2;2;4;3;1;1;3;2;3;2;4;;1;1;1;1;1;5;5;5;4;1;1;2;1;1;0;2;2;2
2022-10-18 14:09;1073;medarbetare;2;Kollektivanställd;2;4;3;4;3;2;2;2;3;2;5;3;4;3;3;3;4;3;3;3;3;2;3;4;4;4;4;4;4;4;4;4;4;4;4;4;4;4;4;3;3;4;4;4;1;1;4;4;4;5;5;4;5;4;5;4;4;5;4;4;4;4;5;5;4;4;4;4;4;4;4;2;2;;;;;;;;;2;2;;;;;;;;;3;3;2;3;4;3;4;1;3;3;3;;2;3;3;2;3;3;2;2;2;4;2;4;3;3;2;2;2;2
2022-10-19 15:48;1075;medarbetare;2;Tjänsteman;1;5;4;5;5;5;5;5;5;5;4;5;5;5;0;5;5;5;5;5;5;5;5;5;5;5;5;5;4;0;0;5;4;5;5;5;5;5;5;4;0;4;4;4;2;2;;;;;5;5;5;5;5;5;5;5;5;5;5;5;5;5;5;5;5;5;5;5;5;2;2;;;;;;;;;2;2;;;;;;;;;5;5;1;5;5;5;5;2;4;4;0;;5;5;5;5;5;1;1;1;1;5;0;0;0;1;1;1;2;2
2022-10-11 10:57;1002;medarbetare;2;Tjänsteman;1;5;5;5;5;5;4;5;5;5;5;5;5;5;0;5;5;4;4;4;5;5;4;4;4;4;5;5;5;4;5;5;5;5;5;5;5;5;5;5;5;5;5;5;2;1;3;4;5;4;3;5;3;4;2;5;4;3;5;5;5;5;4;4;4;4;4;4;4;4;4;2;2;;;;;;;;;2;2;;;;;;;;;5;5;1;5;4;4;5;1;5;4;4;;5;5;5;5;5;1;1;1;1;5;5;5;4;1;1;1;2;3
2022-10-13 15:13;1040;medarbetare;2;Kollektivanställd;2;2;2;1;1;1;2;1;1;2;5;2;4;5;4;1;2;1;1;1;2;2;2;2;2;4;1;1;4;1;1;2;1;1;3;1;1;1;1;1;1;1;1;1;2;2;;;;;0;0;0;0;0;0;0;0;0;0;0;0;0;0;2;2;2;2;2;2;2;3;3;;;;;;;;;2;1;0;0;1;0;0;;1;2;1;1;2;1;1;1;1;1;1;1;1;;1;1;1;1;1;1;1;1;1;5;1;1;2;1;1;2;2;2
2022-10-06 08:26;1016;medarbetare;2;Tjänsteman;1;4;2;2;3;2;1;4;4;4;4;4;4;4;3;4;4;2;3;3;3;2;3;3;2;3;4;4;3;4;4;4;3;4;4;4;4;4;4;4;3;4;4;4;1;1;4;4;4;4;4;4;4;4;4;4;4;4;4;4;4;4;5;5;4;4;4;4;4;4;4;2;2;;;;;;;;;1;1;0;0;1;0;0;;2;1;4;4;1;4;4;4;4;1;3;3;3;;4;4;4;4;4;3;3;3;3;4;4;3;3;1;1;1;2;1
2022-10-06 10:42;1019;medarbetare;2;Tjänsteman;1;5;5;5;5;5;5;4;5;5;5;5;5;5;0;5;5;5;3;3;5;4;4;4;4;5;5;5;4;5;5;5;4;4;5;4;5;5;5;5;5;5;5;5;3;3;;;;;4;4;5;4;0;5;5;5;5;5;5;5;5;5;5;5;4;5;4;5;5;1;3;;;;;;;;;1;1;0;0;1;0;0;;1;1;5;5;1;5;5;5;5;1;5;5;4;;5;5;5;5;5;1;1;1;1;5;5;5;5;1;0;1;2;1
2022-10-18 08:44;1026;medarbetare;2;Kollektivanställd;2;4;3;5;3;4;4;4;4;3;3;5;4;4;4;5;5;3;2;3;3;3;4;4;3;3;4;4;4;4;2;3;3;3;3;3;4;3;4;3;3;3;4;4;1;1;3;4;4;4;4;4;5;4;5;5;4;4;4;4;4;4;5;5;4;4;4;4;5;4;3;2;2;;;;;;;;;2;2;;;;;;;;;3;2;4;4;4;2;3;1;2;3;4;;2;3;3;3;3;2;3;3;3;2;3;4;3;3;3;2;2;2
2022-10-13 10:12;1031;medarbetare;2;Kollektivanställd;2;3;3;3;2;3;2;3;3;3;3;5;5;5;5;5;5;3;2;2;3;3;4;4;3;3;3;3;3;3;3;3;3;3;4;3;4;4;4;4;4;4;3;4;1;1;3;3;4;4;5;5;5;5;5;5;5;5;5;5;5;5;5;5;5;5;5;5;5;5;5;2;2;;;;;;;;;2;2;;;;;;;;;3;3;4;2;2;2;2;2;1;1;1;;1;1;1;1;1;5;5;5;5;1;0;0;1;5;3;2;2;2
2022-10-10 09:37;1057;medarbetare;2;Kollektivanställd;2;3;3;3;3;2;3;1;1;3;5;1;1;1;2;3;3;2;2;2;3;3;5;5;3;3;4;3;4;3;3;3;3;3;3;3;3;3;3;3;3;3;3;3;2;1;4;3;3;3;3;3;3;3;3;3;3;3;3;3;3;3;3;3;1;1;1;1;1;1;1;1;1;0;0;0;0;1;;2;2;2;2;;;;;;;;;3;3;1;3;3;3;3;2;3;2;3;;5;5;5;5;5;1;1;5;4;4;4;4;4;4;4;2;2;2
2022-10-06 15:39;1035;medarbetare;2;Kollektivanställd;2;4;3;4;4;4;4;4;4;4;3;3;3;3;3;3;3;3;3;3;3;3;4;4;4;4;3;2;3;3;2;2;3;3;3;3;4;4;4;3;3;3;3;3;2;1;3;3;3;3;3;3;3;2;2;3;3;2;3;3;3;3;3;3;4;4;3;4;3;4;4;1;2;;;;;;;;;1;2;;;;;;;;;4;4;1;3;3;3;3;1;3;3;3;;3;4;4;4;4;4;3;4;4;3;3;3;3;3;3;2;2;2
2022-10-18 10:01;1021;chef;1;Tjänsteman;1;5;3;4;4;2;3;5;4;5;5;5;5;5;4;5;5;5;5;2;5;4;5;5;3;3;5;5;5;5;5;5;5;5;5;5;5;5;5;5;5;5;5;5;1;1;5;5;5;5;5;5;5;5;5;5;5;5;5;5;5;5;5;5;5;5;5;5;5;5;5;2;2;;;;;;;;;2;2;;;;;;;;;5;5;4;5;5;5;5;1;5;5;5;;4;5;5;4;5;2;1;2;1;5;5;0;5;1;1;1;1;1
2022-10-06 14:55;1055;medarbetare;2;Kollektivanställd;2;4;1;2;2;4;3;2;2;3;4;3;4;3;4;3;4;2;1;1;3;3;2;2;3;5;1;1;3;1;1;1;2;3;3;3;1;2;3;2;1;1;1;1;2;1;1;1;1;1;1;2;1;1;1;3;1;2;1;1;1;1;1;1;1;1;1;1;1;3;3;1;1;1;0;0;0;0;;1;2;2;2;;;;;;;;;4;3;4;3;4;4;3;1;3;3;3;;3;3;3;2;2;3;2;3;3;3;4;3;3;3;2;2;2;2
2022-10-06 15:06;1044;medarbetare;2;Kollektivanställd;2;3;3;3;4;4;3;2;3;3;4;4;4;4;4;4;4;2;3;1;4;2;4;3;4;4;3;3;4;3;2;1;3;4;4;4;2;2;3;4;4;3;4;4;1;1;4;4;4;5;5;5;5;5;5;5;5;5;5;5;5;5;5;5;3;3;4;4;4;4;4;2;2;;;;;;;;;2;2;;;;;;;;;1;1;3;3;3;2;3;1;1;1;1;;2;2;2;2;2;2;1;3;3;2;1;1;1;1;2;2;2;2
2022-10-06 14:58;1056;medarbetare;2;Kollektivanställd;2;2;3;3;2;3;2;2;2;2;4;3;3;3;2;3;3;2;3;2;3;3;3;1;3;5;3;3;3;2;3;2;3;3;4;3;4;3;5;3;2;3;3;3;1;1;3;3;3;3;3;2;3;3;1;4;3;2;3;3;3;3;3;3;5;2;5;5;5;5;5;3;3;;;;;;;;;2;2;;;;;;;;;2;2;4;2;2;2;2;2;2;3;1;;2;2;2;2;3;3;3;1;1;1;1;1;1;4;3;2;2;2
2022-10-06 10:28;1074;medarbetare;2;Tjänsteman;1;5;5;3;5;5;3;5;5;5;4;5;5;5;0;5;5;5;3;3;5;5;3;5;5;5;5;5;3;0;5;0;2;3;5;5;5;5;5;0;0;5;0;5;3;1;5;0;5;5;5;5;5;5;0;5;5;5;5;5;5;5;5;5;5;5;5;5;5;5;5;2;2;;;;;;;;;2;2;;;;;;;;;5;5;1;5;5;5;5;1;0;0;0;;3;5;5;3;5;1;5;1;1;3;0;0;3;2;2;1;2;1
2022-10-10 11:59;1070;medarbetare;2;Kollektivanställd;2;3;3;3;3;3;3;3;3;3;3;3;3;3;3;3;3;3;1;1;5;4;4;4;4;4;3;3;3;3;3;3;3;3;3;3;3;3;3;3;3;3;3;3;1;1;3;4;3;5;5;5;5;5;5;5;5;5;5;5;5;5;5;5;3;3;3;3;3;3;3;1;2;;;;;;;;;2;2;;;;;;;;;3;3;2;3;3;3;3;2;2;2;2;;3;3;3;3;3;3;3;3;3;3;3;3;1;3;3;2;2;2
2022-10-06 10:02;1011;medarbetare;2;Tjänsteman;1;4;3;4;3;4;2;5;3;3;4;3;2;4;4;4;3;2;2;2;3;3;4;4;5;5;3;3;4;4;3;2;4;4;4;4;4;4;4;4;4;4;4;5;1;1;3;3;3;4;4;3;4;4;3;3;3;3;3;4;4;3;4;4;2;3;3;3;3;3;3;1;1;1;0;0;0;0;;2;2;1;2;;;;;;;;;3;2;2;3;3;2;3;1;4;3;4;;3;3;4;3;4;3;2;3;2;4;3;3;2;3;4;4;3;3
2022-10-06 08:52;1049;medarbetare;2;Kollektivanställd;2;3;3;5;4;3;3;2;2;2;3;3;3;3;5;5;5;1;1;1;3;1;3;3;3;3;3;3;3;3;3;1;3;3;3;3;3;3;3;3;3;3;3;3;1;1;3;3;3;3;5;5;5;5;5;5;5;5;5;5;5;3;5;5;3;3;3;1;2;3;3;2;1;0;0;1;0;0;;1;2;3;3;;;;;;;;;2;2;4;2;2;2;2;1;1;1;1;;2;2;2;3;3;1;3;2;1;3;2;1;2;4;0;2;3;3
2022-10-07 15:44;1067;medarbetare;2;Kollektivanställd;2;2;2;3;3;3;3;1;1;3;5;4;4;4;3;4;2;2;1;1;2;2;2;3;4;4;4;2;5;0;1;1;2;3;4;2;2;1;2;1;2;5;1;1;2;1;2;3;4;3;4;5;5;4;4;5;3;3;4;5;5;5;4;5;4;3;5;5;5;5;5;2;2;;;;;;;;;2;2;;;;;;;;;2;1;4;2;2;3;2;1;4;4;3;;2;1;1;3;5;1;1;2;1;3;0;2;1;3;2;2;2;2
2022-10-06 09:51;1062;medarbetare;2;Kollektivanställd;2;5;5;5;5;5;4;5;4;4;5;4;5;5;4;4;4;3;5;4;5;5;5;5;5;5;5;5;5;5;4;5;5;5;5;5;5;5;5;5;5;5;5;5;1;1;5;5;5;5;5;4;2;5;5;5;5;4;4;5;5;5;5;5;5;5;5;5;5;5;5;2;2;;;;;;;;;2;2;;;;;;;;;5;5;1;5;5;5;5;1;5;5;5;;5;5;5;5;5;1;1;1;1;5;1;2;3;3;4;2;2;2
2022-10-20 12:38;1003;medarbetare;2;Tjänsteman;1;5;3;3;3;3;3;5;5;4;5;5;5;5;0;5;5;4;2;2;5;5;5;5;4;4;4;5;5;5;5;0;2;3;4;3;5;5;5;4;4;4;4;4;1;1;4;5;5;5;5;5;5;5;4;4;3;5;5;5;5;5;5;5;3;3;6;6;3;6;6;1;1;0;1;0;0;0;;2;2;3;3;;;;;;;;;5;5;4;4;3;4;4;1;2;3;4;;2;2;2;2;4;3;3;3;2;2;0;3;3;4;0;4;2;3
2022-10-14 09:29;1008;medarbetare;2;Tjänsteman;1;4;4;4;5;4;4;5;5;5;5;3;4;4;4;4;3;4;3;4;5;4;5;5;5;5;3;4;4;5;5;4;4;4;4;4;3;3;5;4;4;4;3;4;3;1;4;0;4;4;4;4;4;3;3;4;4;4;5;5;4;5;5;4;4;4;4;4;4;4;4;2;2;;;;;;;;;2;2;;;;;;;;;3;4;1;4;4;4;4;2;4;4;4;;1;3;3;1;3;1;1;1;1;3;3;0;3;2;1;1;2;1
2022-10-06 09:34;1052;medarbetare;2;Kollektivanställd;2;4;3;3;3;4;4;5;4;5;5;4;4;4;4;4;4;3;4;3;4;4;4;5;4;4;4;4;5;4;4;4;5;5;4;4;4;4;4;4;4;4;5;5;1;1;4;3;3;4;4;5;4;4;4;4;4;4;5;5;5;4;5;4;4;4;4;4;4;4;4;2;2;;;;;;;;;2;2;;;;;;;;;4;4;1;5;4;4;4;1;4;3;4;;4;4;4;4;4;1;2;1;1;4;4;4;3;2;2;2;2;1
2022-10-06 08:25;1041;medarbetare;2;Kollektivanställd;2;5;4;3;4;4;3;5;5;5;4;5;5;4;4;5;5;4;4;4;5;5;5;5;4;4;5;4;5;5;5;5;4;4;4;4;5;5;5;5;5;5;5;5;1;1;5;5;5;5;5;5;5;5;5;5;5;5;5;5;5;5;5;5;5;4;4;4;4;4;4;1;1;0;1;1;0;0;;2;1;2;2;;;;;;;;;4;4;4;5;5;5;4;1;4;4;4;;4;5;4;5;4;4;4;4;4;5;4;4;4;4;4;2;2;2
2022-10-06 08:17;1065;medarbetare;2;Kollektivanställd;2;2;2;2;1;2;3;1;1;2;4;4;4;4;4;4;4;3;2;1;3;4;5;5;5;5;5;1;5;1;1;1;2;2;4;2;4;4;4;3;2;5;3;5;1;1;3;4;4;4;4;4;4;4;4;4;4;4;4;4;4;4;4;4;4;4;4;4;4;4;4;2;1;1;0;0;0;0;;1;2;2;2;;;;;;;;;3;4;4;1;2;3;2;1;1;1;2;;3;3;3;3;3;2;2;3;2;3;4;4;1;2;2;2;2;2
2022-10-06 10:18;1014;medarbetare;2;Tjänsteman;1;5;5;5;5;5;4;5;5;5;5;5;5;5;5;5;5;5;5;5;5;5;5;5;4;5;5;4;4;5;5;5;4;4;5;5;5;5;5;5;5;5;5;5;3;2;;;;;5;4;5;4;0;5;5;4;5;5;5;5;5;5;5;5;5;5;5;5;5;2;2;;;;;;;;;2;2;;;;;;;;;5;5;1;5;5;5;5;1;5;5;5;;5;5;5;5;5;1;1;1;1;5;5;5;5;2;3;1;2;1
2022-10-13 08:51;1022;medarbetare;2;Tjänsteman;1;5;4;5;5;4;3;5;5;5;5;4;5;5;5;5;4;5;4;4;5;5;5;5;5;5;5;5;4;5;5;5;5;5;5;5;4;4;5;5;4;5;5;5;1;1;5;5;4;5;5;5;5;4;5;5;4;4;5;5;5;5;5;5;5;5;5;5;5;5;5;2;2;;;;;;;;;2;2;;;;;;;;;5;5;1;5;5;5;5;1;5;4;4;;5;5;5;5;5;1;4;4;1;5;3;4;4;3;4;2;2;1
2022-10-07 08:01;1063;medarbetare;2;Kollektivanställd;2;4;3;4;4;5;4;4;4;3;4;5;4;4;4;5;4;3;3;2;3;3;2;4;4;5;4;3;4;4;4;3;4;4;4;4;3;2;4;2;2;4;4;4;1;1;4;4;3;4;5;5;5;4;4;4;4;5;5;5;4;5;5;5;5;5;5;6;6;5;6;2;2;;;;;;;;;2;2;;;;;;;;;3;2;3;4;3;3;3;2;1;1;1;;1;1;1;1;1;4;5;3;2;1;1;1;1;5;4;2;2;2
2022-10-10 08:00;1034;medarbetare;2;Kollektivanställd;2;3;4;5;5;4;2;2;3;3;3;2;3;4;2;3;2;1;2;2;2;2;2;1;2;3;3;2;2;1;3;4;3;2;3;3;5;4;5;3;3;3;2;2;3;1;3;3;2;3;3;4;3;2;3;3;4;3;4;4;4;4;4;3;5;5;5;5;4;4;5;1;2;;;;;;;;;2;2;;;;;;;;;4;3;1;3;2;3;2;1;4;3;2;;1;2;3;1;4;3;5;3;2;3;2;1;2;3;2;1;2;2
2022-10-10 09:59;1037;medarbetare;2;Kollektivanställd;2;5;5;5;5;5;5;5;5;5;5;5;5;5;5;5;5;5;5;5;5;5;5;5;5;5;5;5;5;5;5;5;5;5;5;5;5;5;5;5;5;5;5;5;1;1;5;5;5;5;5;5;5;5;5;5;5;5;5;5;5;5;5;5;5;5;5;5;5;5;5;2;2;;;;;;;;;2;2;;;;;;;;;5;5;1;5;5;5;5;1;5;5;5;;5;5;5;5;5;0;0;0;0;5;5;5;0;0;0;2;2;2
2022-10-13 09:32;1032;Chef;1;Tjänsteman;1;5;2;2;3;3;2;5;5;5;5;4;4;4;4;4;4;3;4;1;4;4;3;3;3;3;5;5;4;5;5;4;4;4;5;4;5;5;5;5;3;5;5;5;1;1;4;4;4;5;5;4;5;4;3;4;4;4;4;4;5;4;5;5;4;4;4;6;4;4;6;1;2;;;;;;;;;2;2;;;;;;;;;4;4;4;5;4;4;4;2;4;3;4;;5;5;5;5;5;1;2;4;1;5;5;4;5;1;1;1;1;1
2022-10-06 15:35;1051;Chef;1;Tjänsteman;1;3;3;3;3;2;2;3;2;2;4;3;2;2;2;2;2;1;2;2;4;2;3;3;3;3;3;3;4;2;3;2;2;1;3;2;4;3;3;3;2;3;1;2;1;1;2;2;2;2;4;4;3;2;2;3;3;3;3;4;2;4;3;3;6;6;6;6;6;6;6;2;2;;;;;;;;;2;2;;;;;;;;;2;2;4;2;2;2;2;1;2;2;3;;2;4;4;2;4;3;5;5;3;3;2;1;2;3;3;2;1;1
2022-10-10 13:02;1045;medarbetare;2;Kollektivanställd;2;4;3;4;4;3;3;4;4;3;4;3;4;4;4;4;4;3;2;2;3;3;4;4;3;3;4;4;4;4;4;4;3;3;4;3;5;5;5;5;5;4;4;5;2;2;;;;;3;3;3;3;3;3;3;3;4;4;4;3;3;3;4;4;4;4;4;4;4;2;2;;;;;;;;;2;2;;;;;;;;;3;3;1;4;4;4;4;1;3;3;3;;3;3;3;3;3;3;3;3;3;3;3;3;3;3;3;2;2;1
2022-10-06 10:32;1010;chef;1;Tjänsteman;1;4;3;3;3;3;3;5;5;5;5;4;5;5;4;5;5;4;3;3;5;5;3;5;4;4;5;5;5;4;4;5;5;5;5;5;5;5;5;5;3;5;4;4;1;1;5;4;4;4;4;4;5;3;4;4;4;3;5;5;5;5;5;4;3;3;3;3;3;3;3;2;2;;;;;;;;;1;2;;;;;;;;;5;5;1;5;4;5;5;1;5;5;5;;5;5;5;5;5;1;1;1;1;5;5;5;4;1;1;2;1;1
2022-10-06 11:37;1033;medarbetare;2;Kollektivanställd;2;4;4;4;5;3;4;5;4;4;5;3;4;4;5;4;4;4;2;2;4;3;4;4;4;3;3;3;5;4;4;3;4;4;4;4;4;4;4;4;3;4;3;4;3;1;4;4;4;4;4;4;4;4;4;4;4;4;4;4;4;4;4;4;4;4;4;4;4;4;4;2;2;;;;;;;;;2;2;;;;;;;;;4;4;1;4;4;4;4;1;4;4;4;;3;3;4;4;1;1;1;1;1;3;4;4;3;3;3;1;2;1
2022-10-13 10:55;1039;medarbetare;2;Kollektivanställd;2;5;5;5;5;5;4;5;4;5;5;5;5;5;5;5;5;4;0;4;5;5;4;4;5;5;4;5;4;4;4;4;4;5;4;4;5;5;5;5;4;5;5;5;2;1;5;5;5;5;5;5;5;5;5;5;5;5;4;5;5;5;5;5;5;5;5;5;5;5;5;2;2;;;;;;;;;1;2;;;;;;;;;5;5;3;5;5;5;5;1;5;4;5;;5;4;4;4;4;1;1;1;1;5;5;4;4;1;1;2;2;2
2022-10-07 10:37;1018;medarbetare;2;Tjänsteman;1;5;4;3;5;4;4;5;5;5;5;5;5;5;0;5;5;5;4;4;4;4;5;5;5;4;5;5;5;5;5;5;4;4;5;5;5;4;5;5;0;5;5;5;2;2;;;;;5;4;0;0;0;5;0;0;5;5;5;5;4;5;5;5;5;5;5;5;5;2;2;;;;;;;;;2;2;;;;;;;;;5;5;4;5;5;5;5;1;5;5;5;;4;4;4;4;3;1;1;1;1;5;0;0;0;1;1;1;2;1
2022-10-06 12:05;1030;medarbetare;2;Kollektivanställd;2;3;4;4;4;3;4;2;2;3;3;5;5;5;4;5;4;2;3;3;5;3;4;4;5;5;5;5;5;3;2;1;4;3;4;3;4;4;4;5;5;5;5;5;1;1;4;5;5;5;5;5;5;5;5;5;5;5;5;5;5;5;5;5;5;5;5;5;5;5;5;2;2;;;;;;;;;1;2;;;;;;;;;3;3;1;2;2;2;3;1;2;2;4;;2;2;2;1;1;1;3;1;1;2;2;1;1;5;4;2;3;3
2022-10-11 16:56;1005;medarbetare;2;Tjänsteman;1;5;5;5;5;5;3;5;4;5;5;5;5;5;4;5;5;4;4;4;4;4;4;4;4;4;4;5;4;5;5;4;5;5;5;5;5;5;5;5;0;5;5;5;1;1;5;5;0;4;4;5;5;4;0;4;5;4;4;4;4;3;4;4;4;4;4;6;4;4;6;2;2;;;;;;;;;2;2;;;;;;;;;4;4;2;5;5;4;4;1;5;5;4;;4;5;5;4;5;2;2;1;1;5;5;5;5;2;1;1;2;1
2022-10-06 09:18;1007;medarbetare;2;Tjänsteman;1;3;3;2;2;2;2;3;3;3;4;3;3;3;2;3;3;3;3;2;3;3;3;3;3;3;3;2;3;2;2;3;3;3;4;3;4;3;4;3;3;3;3;2;2;2;;;;;3;2;3;2;2;2;2;2;3;4;2;3;3;3;4;4;4;4;4;4;4;2;2;;;;;;;;;2;2;;;;;;;;;3;3;4;3;3;3;3;1;3;3;3;;3;4;4;3;4;3;3;3;3;3;3;3;3;2;2;1;2;1
2022-10-06 12:07;1047;medarbetare;2;Kollektivanställd;2;5;5;5;5;5;5;5;5;5;5;5;5;5;5;5;5;5;3;2;5;5;5;5;5;5;5;5;5;5;5;5;5;5;5;5;4;3;3;4;4;5;4;4;1;1;3;4;4;5;5;5;5;5;5;5;5;5;5;5;5;5;5;5;5;5;5;5;5;5;5;2;2;;;;;;;;;2;2;;;;;;;;;4;3;1;5;5;5;4;1;1;1;1;;3;3;4;3;3;1;3;1;1;4;3;3;3;3;3;2;2;2
2022-10-07 15:00;1066;medarbetare;2;Kollektivanställd;2;2;2;3;1;2;3;1;1;3;4;4;4;4;4;4;4;1;1;1;2;2;4;4;3;4;1;1;5;1;1;1;3;3;4;1;3;3;3;2;1;1;1;2;1;1;2;2;2;3;4;4;4;4;4;4;4;4;4;4;4;4;4;4;6;4;4;6;4;4;4;2;2;;;;;;;;;2;2;;;;;;;;;1;1;4;1;2;1;2;1;1;1;2;;2;2;2;2;2;0;0;0;0;2;2;2;1;2;3;4;3;3
;;;;;;;;;;;;;;;;;;;;;;;;;;;;;;;;;;;;;;;;;;;;;;;;;;;;;;;;;;;;;;;;;;;;;;;;;;;;;;;;;;;;;;;;;;;;;;;;;;;;;;;;;;;;;;;;;;;;;;;;;;;;;
;;;;;;;;;;;;;;;;;;;;;;;;;;;;;;;;;;;;;;;;;;;;;;;;;;;;;;;;;;;;;;;;;;;;;;;;;;;;;;;;;;;;;;;;;;;;;;;;;;;;;;;;;;;;;;;;;;;;;;;;;;;;;
;;;;;;;;;;;;;;;;;;;;;;;;;;;;;;;;;;;;;;;;;;;;;;;;;;;;;;;;;;;;;;;;;;;;;;;;;;;;;;;;;;;;;;;;;;;;;;;;;;;;;;;;;;;;;;;;;;;;;;;;;;;;;
;;;;;;;;;;;;;;;;;;;;;;;;;;;;;;;;;;;;;;;;;;;;;;;;;;;;;;;;;;;;;;;;;;;;;;;;;;;;;;;;;;;;;;;;;;;;;;;;;;;;;;;;;;;;;;;;;;;;;;;;;;;;;
;;;;;;;;;;;;;;;;;;;;;;;;;;;;;;;;;;;;;;;;;;;;;;;;;;;;;;;;;;;;;;;;;;;;;;;;;;;;;;;;;;;;;;;;;;;;;;;;;;;;;;;;;;;;;;;;;;;;;;;;;;;;;
;;;;;;;;;;;;;;;;;;;;;;;;;;;;;;;;;;;;;;;;;;;;;;;;;;;;;;;;;;;;;;;;;;;;;;;;;;;;;;;;;;;;;;;;;;;;;;;;;;;;;;;;;;;;;;;;;;;;;;;;;;;;;
;;;;;;;;;;;;;;;;;;;;;;;;;;;;;;;;;;;;;;;;;;;;;;;;;;;;;;;;;;;;;;;;;;;;;;;;;;;;;;;;;;;;;;;;;;;;;;;;;;;;;;;;;;;;;;;;;;;;;;;;;;;;;
;;;;;;;;;;;;;;;;;;;;;;;;;;;;;;;;;;;;;;;;;;;;;;;;;;;;;;;;;;;;;;;;;;;;;;;;;;;;;;;;;;;;;;;;;;;;;;;;;;;;;;;;;;;;;;;;;;;;;;;;;;;;;
;;;;;;;;;;;;;;;;;;;;;;;;;;;;;;;;;;;;;;;;;;;;;;;;;;;;;;;;;;;;;;;;;;;;;;;;;;;;;;;;;;;;;;;;;;;;;;;;;;;;;;;;;;;;;;;;;;;;;;;;;;;;;
